scientificName,key,originalName,matchType,status,rank,kingdom,phylum,class,order,family,genus,species
"Abies alba Mill.","2685484","Abies alba","EXACT","ACCEPTED","SPECIES","Plantae","Tracheophyta","Pinopsida","Pinales","Pinaceae","Abies","Abies alba"
"Abies cephalonica Loudon","2685326","Abies cephalonica","EXACT","ACCEPTED","SPECIES","Plantae","Tracheophyta","Pinopsida","Pinales","Pinaceae","Abies","Abies cephalonica"
"Abies grandis (Douglas ex D. Don) Lindl.","2685361","Abies grandis","EXACT","ACCEPTED","SPECIES","Plantae","Tracheophyta","Pinopsida","Pinales","Pinaceae","Abies","Abies grandis"
"Abies nordmanniana (Steven) Spach","2685552","Abies nordmanniana","EXACT","ACCEPTED","SPECIES","Plantae","Tracheophyta","Pinopsida","Pinales","Pinaceae","Abies","Abies nordmanniana"
"Abies pinsapo Boiss.","2685464","Abies pinsapo","EXACT","ACCEPTED","SPECIES","Plantae","Tracheophyta","Pinopsida","Pinales","Pinaceae","Abies","Abies pinsapo"
"Abies procera Rehd.","2685308","Abies procera","EXACT","ACCEPTED","SPECIES","Plantae","Tracheophyta","Pinopsida","Pinales","Pinaceae","Abies","Abies procera"
"Acacia dealbata Link","2979474","Acacia dealbata","EXACT","ACCEPTED","SPECIES","Plantae","Tracheophyta","Magnoliopsida","Fabales","Fabaceae","Acacia","Acacia dealbata"
"Acacia melanoxylon R.Br.","2979000","Acacia melanoxylon","EXACT","ACCEPTED","SPECIES","Plantae","Tracheophyta","Magnoliopsida","Fabales","Fabaceae","Acacia","Acacia melanoxylon"
"Acer campestre L.","3189863","Acer campestre","EXACT","ACCEPTED","SPECIES","Plantae","Tracheophyta","Magnoliopsida","Sapindales","Sapindaceae","Acer","Acer campestre"
"Acer cappadocicum Gled.","7262908","Acer cappadocicum","EXACT","ACCEPTED","SPECIES","Plantae","Tracheophyta","Magnoliopsida","Sapindales","Sapindaceae","Acer","Acer cappadocicum"
"Acer monspessulanum L.","7262958","Acer monspessulanum","EXACT","ACCEPTED","SPECIES","Plantae","Tracheophyta","Magnoliopsida","Sapindales","Sapindaceae","Acer","Acer monspessulanum"
"Acer negundo L.","3189866","Acer negundo","EXACT","ACCEPTED","SPECIES","Plantae","Tracheophyta","Magnoliopsida","Sapindales","Sapindaceae","Acer","Acer negundo"
"Acer opalus Miller","7100278","Acer opalus","EXACT","ACCEPTED","SPECIES","Plantae","Tracheophyta","Magnoliopsida","Sapindales","Sapindaceae","Acer","Acer opalus"
"Acer platanoides L.","3189846","Acer platanoides","EXACT","ACCEPTED","SPECIES","Plantae","Tracheophyta","Magnoliopsida","Sapindales","Sapindaceae","Acer","Acer platanoides"
"Acer pseudoplatanus L.","3189870","Acer pseudoplatanus","EXACT","ACCEPTED","SPECIES","Plantae","Tracheophyta","Magnoliopsida","Sapindales","Sapindaceae","Acer","Acer pseudoplatanus"
"Acer saccharinum L.","3189837","Acer saccharinum","EXACT","ACCEPTED","SPECIES","Plantae","Tracheophyta","Magnoliopsida","Sapindales","Sapindaceae","Acer","Acer saccharinum"
"Acer tataricum L.","3189843","Acer tataricum","EXACT","ACCEPTED","SPECIES","Plantae","Tracheophyta","Magnoliopsida","Sapindales","Sapindaceae","Acer","Acer tataricum"
"Aesculus hippocastanum L.","3189815","Aesculus hippocastanum","EXACT","ACCEPTED","SPECIES","Plantae","Tracheophyta","Magnoliopsida","Sapindales","Sapindaceae","Aesculus","Aesculus hippocastanum"
"Ailanthus altissima (Miller) Swingle","3190653","Ailanthus altissima","EXACT","ACCEPTED","SPECIES","Plantae","Tracheophyta","Magnoliopsida","Sapindales","Simaroubaceae","Ailanthus","Ailanthus altissima"
"Alnus alnobetula (Ehrh.) K.Koch","2876362","Alnus alnobetula","EXACT","ACCEPTED","SPECIES","Plantae","Tracheophyta","Magnoliopsida","Fagales","Betulaceae","Alnus","Alnus alnobetula"
"Alnus cordata (Loisel.) Duby","2876607","Alnus cordata","EXACT","ACCEPTED","SPECIES","Plantae","Tracheophyta","Magnoliopsida","Fagales","Betulaceae","Alnus","Alnus cordata"
"Alnus glutinosa (L.) Gaertn.","2876213","Alnus glutinosa","EXACT","ACCEPTED","SPECIES","Plantae","Tracheophyta","Magnoliopsida","Fagales","Betulaceae","Alnus","Alnus glutinosa"
"Alnus incana (L.) Moench","2876388","Alnus incana","EXACT","ACCEPTED","SPECIES","Plantae","Tracheophyta","Magnoliopsida","Fagales","Betulaceae","Alnus","Alnus incana"
"Amelanchier ovalis DC.","8320335","Amelanchier ovalis","EXACT","ACCEPTED","SPECIES","Plantae","Tracheophyta","Magnoliopsida","Rosales","Rosaceae","Amelanchier","Amelanchier ovalis"
"Arbutus andrachne L.","4170901","Arbutus andrachne","EXACT","ACCEPTED","SPECIES","Plantae","Tracheophyta","Magnoliopsida","Ericales","Ericaceae","Arbutus","Arbutus andrachne"
"Arbutus unedo L.","2882803","Arbutus unedo","EXACT","ACCEPTED","SPECIES","Plantae","Tracheophyta","Magnoliopsida","Ericales","Ericaceae","Arbutus","Arbutus unedo"
"Betula humilis Schrank","5331629","Betula humilis","EXACT","ACCEPTED","SPECIES","Plantae","Tracheophyta","Magnoliopsida","Fagales","Betulaceae","Betula","Betula humilis"
"Betula nana L.","5332004","Betula nana","EXACT","ACCEPTED","SPECIES","Plantae","Tracheophyta","Magnoliopsida","Fagales","Betulaceae","Betula","Betula nana"
"Betula pendula Roth","5331916","Betula pendula","EXACT","ACCEPTED","SPECIES","Plantae","Tracheophyta","Magnoliopsida","Fagales","Betulaceae","Betula","Betula pendula"
"Betula pubescens Ehrh.","5331649","Betula pubescens","EXACT","ACCEPTED","SPECIES","Plantae","Tracheophyta","Magnoliopsida","Fagales","Betulaceae","Betula","Betula pubescens"
"Buxus sempervirens L.","2984671","Buxus sempervirens","EXACT","ACCEPTED","SPECIES","Plantae","Tracheophyta","Magnoliopsida","Buxales","Buxaceae","Buxus","Buxus sempervirens"
"Carpinus betulus L.","2875818","Carpinus betulus","EXACT","ACCEPTED","SPECIES","Plantae","Tracheophyta","Magnoliopsida","Fagales","Betulaceae","Carpinus","Carpinus betulus"
"Carpinus orientalis Mill.","2875780","Carpinus orientalis","EXACT","ACCEPTED","SPECIES","Plantae","Tracheophyta","Magnoliopsida","Fagales","Betulaceae","Carpinus","Carpinus orientalis"
"Castanea sativa Mill.","5333294","Castanea sativa","EXACT","ACCEPTED","SPECIES","Plantae","Tracheophyta","Magnoliopsida","Fagales","Fagaceae","Castanea","Castanea sativa"
"Cedrus atlantica (Endl.) Manetti ex Carriere","5284702","Cedrus atlantica","EXACT","ACCEPTED","SPECIES","Plantae","Tracheophyta","Pinopsida","Pinales","Pinaceae","Cedrus","Cedrus atlantica"
"Cedrus deodara (Lamb.) G. Don","5284698","Cedrus deodara","EXACT","ACCEPTED","SPECIES","Plantae","Tracheophyta","Pinopsida","Pinales","Pinaceae","Cedrus","Cedrus deodara"
"Cedrus libani A. Rich.","5284682","Cedrus libani","EXACT","ACCEPTED","SPECIES","Plantae","Tracheophyta","Pinopsida","Pinales","Pinaceae","Cedrus","Cedrus libani"
"Celtis australis L.","2984492","Celtis australis","EXACT","ACCEPTED","SPECIES","Plantae","Tracheophyta","Magnoliopsida","Rosales","Cannabaceae","Celtis","Celtis australis"
"Ceratonia siliqua L.","5356354","Ceratonia siliqua","EXACT","ACCEPTED","SPECIES","Plantae","Tracheophyta","Magnoliopsida","Fabales","Fabaceae","Ceratonia","Ceratonia siliqua"
"Cercis siliquastrum L.","5353590","Cercis siliquastrum","EXACT","ACCEPTED","SPECIES","Plantae","Tracheophyta","Magnoliopsida","Fabales","Fabaceae","Cercis","Cercis siliquastrum"
"Chamaecyparis lawsoniana (A. Murray) Parl.","2683866","Chamaecyparis lawsoniana","EXACT","ACCEPTED","SPECIES","Plantae","Tracheophyta","Pinopsida","Pinales","Cupressaceae","Chamaecyparis","Chamaecyparis lawsoniana"
"Chamaerops humilis L.","2736625","Chamaerops humilis","EXACT","ACCEPTED","SPECIES","Plantae","Tracheophyta","Liliopsida","Arecales","Arecaceae","Chamaerops","Chamaerops humilis"
"Cornus mas L.","3082263","Cornus mas","EXACT","ACCEPTED","SPECIES","Plantae","Tracheophyta","Magnoliopsida","Cornales","Cornaceae","Cornus","Cornus mas"
"Cornus sanguinea L.","3082234","Cornus sanguinea","EXACT","ACCEPTED","SPECIES","Plantae","Tracheophyta","Magnoliopsida","Cornales","Cornaceae","Cornus","Cornus sanguinea"
"Cornus suecica L.","3082246","Cornus suecica","EXACT","ACCEPTED","SPECIES","Plantae","Tracheophyta","Magnoliopsida","Cornales","Cornaceae","Cornus","Cornus suecica"
"Corylus avellana L.","2875979","Corylus avellana","EXACT","ACCEPTED","SPECIES","Plantae","Tracheophyta","Magnoliopsida","Fagales","Betulaceae","Corylus","Corylus avellana"
"Cotoneaster integerrimus Medik.","3025576","Cotoneaster integerrimus","EXACT","ACCEPTED","SPECIES","Plantae","Tracheophyta","Magnoliopsida","Rosales","Rosaceae","Cotoneaster","Cotoneaster integerrimus"
"Crataegus azarolus L.","3013739","Crataegus azarolus","EXACT","ACCEPTED","SPECIES","Plantae","Tracheophyta","Magnoliopsida","Rosales","Rosaceae","Crataegus","Crataegus azarolus"
"Crataegus crus-galli L.","3013404","Crataegus crus-galli","EXACT","ACCEPTED","SPECIES","Plantae","Tracheophyta","Magnoliopsida","Rosales","Rosaceae","Crataegus","Crataegus crus-galli"
"Crataegus laciniata Ucria","8240558","Crataegus laciniata","EXACT","ACCEPTED","SPECIES","Plantae","Tracheophyta","Magnoliopsida","Rosales","Rosaceae","Crataegus","Crataegus laciniata"
"Crataegus laevigata (Poir.) DC.","8252683","Crataegus laevigata","EXACT","ACCEPTED","SPECIES","Plantae","Tracheophyta","Magnoliopsida","Rosales","Rosaceae","Crataegus","Crataegus laevigata"
"Crataegus monogyna Jacq.","3014454","Crataegus monogyna","EXACT","ACCEPTED","SPECIES","Plantae","Tracheophyta","Magnoliopsida","Rosales","Rosaceae","Crataegus","Crataegus monogyna"
"Cupressus arizonica Greene","2683969","Cupressus arizonica","EXACT","ACCEPTED","SPECIES","Plantae","Tracheophyta","Pinopsida","Pinales","Cupressaceae","Cupressus","Cupressus arizonica"
"Cupressus lusitanica Mill.","2684046","Cupressus lusitanica","EXACT","ACCEPTED","SPECIES","Plantae","Tracheophyta","Pinopsida","Pinales","Cupressaceae","Cupressus","Cupressus lusitanica"
"Cupressus macrocarpa Hartw. ex Gordon","2684070","Cupressus macrocarpa","EXACT","ACCEPTED","SPECIES","Plantae","Tracheophyta","Pinopsida","Pinales","Cupressaceae","Cupressus","Cupressus macrocarpa"
"Cupressus sempervirens L.","2684030","Cupressus sempervirens","EXACT","ACCEPTED","SPECIES","Plantae","Tracheophyta","Pinopsida","Pinales","Cupressaceae","Cupressus","Cupressus sempervirens"
"Elaeagnus rhamnoides (L.) A. Nelson","4048241","Elaeagnus rhamnoides","EXACT","SYNONYM","SPECIES","Plantae","Tracheophyta","Magnoliopsida","Rosales","Elaeagnaceae","Hippophae","Hippophae rhamnoides"
"Erica arborea L.","5333410","Erica arborea","EXACT","ACCEPTED","SPECIES","Plantae","Tracheophyta","Magnoliopsida","Ericales","Ericaceae","Erica","Erica arborea"
"Erica scoparia L.","7946667","Erica scoparia","EXACT","ACCEPTED","SPECIES","Plantae","Tracheophyta","Magnoliopsida","Ericales","Ericaceae","Erica","Erica scoparia"
"Eucalyptus camaldulensis Dehnh.","3176197","Eucalyptus camaldulensis","EXACT","ACCEPTED","SPECIES","Plantae","Tracheophyta","Magnoliopsida","Myrtales","Myrtaceae","Eucalyptus","Eucalyptus camaldulensis"
"Eucalyptus globulus Labill.","3176787","Eucalyptus globulus","EXACT","ACCEPTED","SPECIES","Plantae","Tracheophyta","Magnoliopsida","Myrtales","Myrtaceae","Eucalyptus","Eucalyptus globulus"
"Eucalyptus gomphocephala DC.","3176772","Eucalyptus gomphocephala","EXACT","ACCEPTED","SPECIES","Plantae","Tracheophyta","Magnoliopsida","Myrtales","Myrtaceae","Eucalyptus","Eucalyptus gomphocephala"
"Euonymus europaeus L.","3169131","Euonymus europaeus","EXACT","ACCEPTED","SPECIES","Plantae","Tracheophyta","Magnoliopsida","Celastrales","Celastraceae","Euonymus","Euonymus europaeus"
"Euonymus latifolius (L.) Mill.","7433196","Euonymus latifolius","EXACT","ACCEPTED","SPECIES","Plantae","Tracheophyta","Magnoliopsida","Celastrales","Celastraceae","Euonymus","Euonymus latifolius"
"Euonymus verrucosus Scop.","7723078","Euonymus verrucosus","EXACT","ACCEPTED","SPECIES","Plantae","Tracheophyta","Magnoliopsida","Celastrales","Celastraceae","Euonymus","Euonymus verrucosus"
"Fagus sylvatica L.","2882316","Fagus sylvatica","EXACT","ACCEPTED","SPECIES","Plantae","Tracheophyta","Magnoliopsida","Fagales","Fagaceae","Fagus","Fagus sylvatica"
"Ficus carica L.","5361909","Ficus carica","EXACT","ACCEPTED","SPECIES","Plantae","Tracheophyta","Magnoliopsida","Rosales","Moraceae","Ficus","Ficus carica"
"Frangula alnus Mill.","3039454","Frangula alnus","EXACT","ACCEPTED","SPECIES","Plantae","Tracheophyta","Magnoliopsida","Rosales","Rhamnaceae","Frangula","Frangula alnus"
"Frangula rupestris (Scop.) Schur","3877335","Frangula rupestris","EXACT","ACCEPTED","SPECIES","Plantae","Tracheophyta","Magnoliopsida","Rosales","Rhamnaceae","Frangula","Frangula rupestris"
"Fraxinus angustifolia Vahl","7325877","Fraxinus angustifolia","EXACT","ACCEPTED","SPECIES","Plantae","Tracheophyta","Magnoliopsida","Lamiales","Oleaceae","Fraxinus","Fraxinus angustifolia"
"Fraxinus excelsior L.","3172358","Fraxinus excelsior","EXACT","ACCEPTED","SPECIES","Plantae","Tracheophyta","Magnoliopsida","Lamiales","Oleaceae","Fraxinus","Fraxinus excelsior"
"Fraxinus ornus L.","3172347","Fraxinus ornus","EXACT","ACCEPTED","SPECIES","Plantae","Tracheophyta","Magnoliopsida","Lamiales","Oleaceae","Fraxinus","Fraxinus ornus"
"Fraxinus pallisae Wilmott","7436938","Fraxinus pallisae","EXACT","ACCEPTED","SPECIES","Plantae","Tracheophyta","Magnoliopsida","Lamiales","Oleaceae","Fraxinus","Fraxinus pallisae"
"Fraxinus pennsylvanica Marshall","3172348","Fraxinus pennsylvanica","EXACT","ACCEPTED","SPECIES","Plantae","Tracheophyta","Magnoliopsida","Lamiales","Oleaceae","Fraxinus","Fraxinus pennsylvanica"
"Ilex aquifolium L.","5414222","Ilex aquifolium","EXACT","ACCEPTED","SPECIES","Plantae","Tracheophyta","Magnoliopsida","Aquifoliales","Aquifoliaceae","Ilex","Ilex aquifolium"
"Ilex canariensis Poir.","7315701","Ilex canariensis","EXACT","ACCEPTED","SPECIES","Plantae","Tracheophyta","Magnoliopsida","Aquifoliales","Aquifoliaceae","Ilex","Ilex canariensis"
"Juglans cinerea L.","3054352","Juglans cinerea","EXACT","ACCEPTED","SPECIES","Plantae","Tracheophyta","Magnoliopsida","Fagales","Juglandaceae","Juglans","Juglans cinerea"
"Juglans nigra L.","3054357","Juglans nigra","EXACT","ACCEPTED","SPECIES","Plantae","Tracheophyta","Magnoliopsida","Fagales","Juglandaceae","Juglans","Juglans nigra"
"Juglans regia L.","3054368","Juglans regia","EXACT","ACCEPTED","SPECIES","Plantae","Tracheophyta","Magnoliopsida","Fagales","Juglandaceae","Juglans","Juglans regia"
"Juniperus communis L.","2684709","Juniperus communis","EXACT","ACCEPTED","SPECIES","Plantae","Tracheophyta","Pinopsida","Pinales","Cupressaceae","Juniperus","Juniperus communis"
"Juniperus oxycedrus L.","2684451","Juniperus oxycedrus","EXACT","ACCEPTED","SPECIES","Plantae","Tracheophyta","Pinopsida","Pinales","Cupressaceae","Juniperus","Juniperus oxycedrus"
"Juniperus phoenicea L.","2684640","Juniperus phoenicea","EXACT","ACCEPTED","SPECIES","Plantae","Tracheophyta","Pinopsida","Pinales","Cupressaceae","Juniperus","Juniperus phoenicea"
"Juniperus sabina L.","7963890","Juniperus sabina","EXACT","ACCEPTED","SPECIES","Plantae","Tracheophyta","Pinopsida","Pinales","Cupressaceae","Juniperus","Juniperus sabina"
"Juniperus thurifera L.","2684528","Juniperus thurifera","EXACT","ACCEPTED","SPECIES","Plantae","Tracheophyta","Pinopsida","Pinales","Cupressaceae","Juniperus","Juniperus thurifera"
"Juniperus virginiana L.","2684391","Juniperus virginiana","EXACT","ACCEPTED","SPECIES","Plantae","Tracheophyta","Pinopsida","Pinales","Cupressaceae","Juniperus","Juniperus virginiana"
"Laburnum alpinum (Mill.) Bercht. & J.Presl","5356343","Laburnum alpinum","EXACT","ACCEPTED","SPECIES","Plantae","Tracheophyta","Magnoliopsida","Fabales","Fabaceae","Laburnum","Laburnum alpinum"
"Laburnum anagyroides Medik.","5356345","Laburnum anagyroides","EXACT","ACCEPTED","SPECIES","Plantae","Tracheophyta","Magnoliopsida","Fabales","Fabaceae","Laburnum","Laburnum anagyroides"
"Larix decidua Mill.","2686212","Larix decidua","EXACT","ACCEPTED","SPECIES","Plantae","Tracheophyta","Pinopsida","Pinales","Pinaceae","Larix","Larix decidua"
"Larix kaempferi (Lamb.) Carrière","2686157","Larix kaempferi","EXACT","ACCEPTED","SPECIES","Plantae","Tracheophyta","Pinopsida","Pinales","Pinaceae","Larix","Larix kaempferi"
"Larix sibirica Ledeb.","2686276","Larix sibirica","EXACT","ACCEPTED","SPECIES","Plantae","Tracheophyta","Pinopsida","Pinales","Pinaceae","Larix","Larix sibirica"
"Laurus azorica (Seub.) Franco","7304543","Laurus azorica","EXACT","ACCEPTED","SPECIES","Plantae","Tracheophyta","Magnoliopsida","Laurales","Lauraceae","Laurus","Laurus azorica"
"Laurus nobilis L.","3034015","Laurus nobilis","EXACT","ACCEPTED","SPECIES","Plantae","Tracheophyta","Magnoliopsida","Laurales","Lauraceae","Laurus","Laurus nobilis"
"Ligustrum vulgare Thunb.","7433022","Ligustrum vulgare","EXACT","ACCEPTED","SPECIES","Plantae","Tracheophyta","Magnoliopsida","Lamiales","Oleaceae","Ligustrum","Ligustrum vulgare"
"Liriodendron tulipifera L.","3152861","Liriodendron tulipifera","EXACT","ACCEPTED","SPECIES","Plantae","Tracheophyta","Magnoliopsida","Magnoliales","Magnoliaceae","Liriodendron","Liriodendron tulipifera"
"Maclura pomifera (Rafin. ex Sarg.) Schneid.","8632078","Maclura pomifera","EXACT","ACCEPTED","SPECIES","Plantae","Tracheophyta","Magnoliopsida","Rosales","Moraceae","Maclura","Maclura pomifera"
"Malus domestica Borkh.","3001244","Malus domestica","EXACT","SYNONYM","SPECIES","Plantae","Tracheophyta","Magnoliopsida","Rosales","Rosaceae","Malus","Malus pumila"
"Malus sylvestris Mill.","3001509","Malus sylvestris","EXACT","ACCEPTED","SPECIES","Plantae","Tracheophyta","Magnoliopsida","Rosales","Rosaceae","Malus","Malus sylvestris"
"Mespilus germanica L.","3031774","Mespilus germanica","EXACT","ACCEPTED","SPECIES","Plantae","Tracheophyta","Magnoliopsida","Rosales","Rosaceae","Mespilus","Mespilus germanica"
"Morus alba L.","5361889","Morus alba","EXACT","ACCEPTED","SPECIES","Plantae","Tracheophyta","Magnoliopsida","Rosales","Moraceae","Morus","Morus alba"
"Morus nigra L.","5361888","Morus nigra","EXACT","ACCEPTED","SPECIES","Plantae","Tracheophyta","Magnoliopsida","Rosales","Moraceae","Morus","Morus nigra"
"Myrica faya (Dryand.) Ait.","5414211","Myrica faya","EXACT","SYNONYM","SPECIES","Plantae","Tracheophyta","Magnoliopsida","Fagales","Myricaceae","Morella","Morella faya"
"Myrtus communis L.","3180085","Myrtus communis","EXACT","ACCEPTED","SPECIES","Plantae","Tracheophyta","Magnoliopsida","Myrtales","Myrtaceae","Myrtus","Myrtus communis"
"Olea europaea L.","5415040","Olea europaea","EXACT","ACCEPTED","SPECIES","Plantae","Tracheophyta","Magnoliopsida","Lamiales","Oleaceae","Olea","Olea europaea"
"Ostrya carpinifolia Scop.","5332305","Ostrya carpinifolia","EXACT","ACCEPTED","SPECIES","Plantae","Tracheophyta","Magnoliopsida","Fagales","Betulaceae","Ostrya","Ostrya carpinifolia"
"Paliurus spina-christi Miller","5372457","Paliurus spina-christi","EXACT","ACCEPTED","SPECIES","Plantae","Tracheophyta","Magnoliopsida","Rosales","Rhamnaceae","Paliurus","Paliurus spina-christi"
"Paulownia tomentosa (Thunb.) Steud.","3170823","Paulownia tomentosa","EXACT","ACCEPTED","SPECIES","Plantae","Tracheophyta","Magnoliopsida","Lamiales","Paulowniaceae","Paulownia","Paulownia tomentosa"
"Persea indica (L.) Spreng.","4181596","Persea indica","EXACT","SYNONYM","SPECIES","Plantae","Tracheophyta","Magnoliopsida","Laurales","Lauraceae","Phoebe","Phoebe indica"
"Phillyrea angustifolia L.","7325947","Phillyrea angustifolia","EXACT","ACCEPTED","SPECIES","Plantae","Tracheophyta","Magnoliopsida","Lamiales","Oleaceae","Phillyrea","Phillyrea angustifolia"
"Phillyrea latifolia L.","7325923","Phillyrea latifolia","EXACT","ACCEPTED","SPECIES","Plantae","Tracheophyta","Magnoliopsida","Lamiales","Oleaceae","Phillyrea","Phillyrea latifolia"
"Phoenix canariensis Chabaud","6109529","Phoenix canariensis","EXACT","ACCEPTED","SPECIES","Plantae","Tracheophyta","Liliopsida","Arecales","Arecaceae","Phoenix","Phoenix canariensis"
"Picconia excelsa (Aiton) DC.","5549937","Picconia excelsa","EXACT","ACCEPTED","SPECIES","Plantae","Tracheophyta","Magnoliopsida","Lamiales","Oleaceae","Picconia","Picconia excelsa"
"Picea abies (L.) H. Karst.","5284884","Picea abies","EXACT","ACCEPTED","SPECIES","Plantae","Tracheophyta","Pinopsida","Pinales","Pinaceae","Picea","Picea abies"
"Picea engelmannii Parry ex Engelm.","5284917","Picea engelmannii","EXACT","ACCEPTED","SPECIES","Plantae","Tracheophyta","Pinopsida","Pinales","Pinaceae","Picea","Picea engelmannii"
"Picea glauca (Moench) Voss","5284745","Picea glauca","EXACT","ACCEPTED","SPECIES","Plantae","Tracheophyta","Pinopsida","Pinales","Pinaceae","Picea","Picea glauca"
"Picea omorika (Pancic) Purk.","5284950","Picea omorika","EXACT","ACCEPTED","SPECIES","Plantae","Tracheophyta","Pinopsida","Pinales","Pinaceae","Picea","Picea omorika"
"Picea pungens Engelm.","5284871","Picea pungens","EXACT","ACCEPTED","SPECIES","Plantae","Tracheophyta","Pinopsida","Pinales","Pinaceae","Picea","Picea pungens"
"Picea sitchensis (Bong.) Carrière","5284827","Picea sitchensis","EXACT","ACCEPTED","SPECIES","Plantae","Tracheophyta","Pinopsida","Pinales","Pinaceae","Picea","Picea sitchensis"
"Pinus banksiana Lamb.","5285533","Pinus banksiana","EXACT","ACCEPTED","SPECIES","Plantae","Tracheophyta","Pinopsida","Pinales","Pinaceae","Pinus","Pinus banksiana"
"Pinus brutia Ten.","5285710","Pinus brutia","EXACT","ACCEPTED","SPECIES","Plantae","Tracheophyta","Pinopsida","Pinales","Pinaceae","Pinus","Pinus brutia"
"Pinus canariensis C. Sm.","5285243","Pinus canariensis","EXACT","ACCEPTED","SPECIES","Plantae","Tracheophyta","Pinopsida","Pinales","Pinaceae","Pinus","Pinus canariensis"
"Pinus cembra L.","5285134","Pinus cembra","EXACT","ACCEPTED","SPECIES","Plantae","Tracheophyta","Pinopsida","Pinales","Pinaceae","Pinus","Pinus cembra"
"Pinus contorta Douglas ex Loudon","5285750","Pinus contorta","EXACT","ACCEPTED","SPECIES","Plantae","Tracheophyta","Pinopsida","Pinales","Pinaceae","Pinus","Pinus contorta"
"Pinus halepensis Mill.","5285604","Pinus halepensis","EXACT","ACCEPTED","SPECIES","Plantae","Tracheophyta","Pinopsida","Pinales","Pinaceae","Pinus","Pinus halepensis"
"Pinus heldreichii H. Christ","5285247","Pinus heldreichii","EXACT","ACCEPTED","SPECIES","Plantae","Tracheophyta","Pinopsida","Pinales","Pinaceae","Pinus","Pinus heldreichii"
"Pinus mugo Turra","5285385","Pinus mugo","EXACT","ACCEPTED","SPECIES","Plantae","Tracheophyta","Pinopsida","Pinales","Pinaceae","Pinus","Pinus mugo"
"Pinus nigra J.F. Arnold","5284809","Pinus nigra","EXACT","ACCEPTED","SPECIES","Plantae","Tracheophyta","Pinopsida","Pinales","Pinaceae","Pinus","Pinus nigra"
"Pinus pinaster Aiton","5285565","Pinus pinaster","EXACT","ACCEPTED","SPECIES","Plantae","Tracheophyta","Pinopsida","Pinales","Pinaceae","Pinus","Pinus pinaster"
"Pinus pinea L.","5285165","Pinus pinea","EXACT","ACCEPTED","SPECIES","Plantae","Tracheophyta","Pinopsida","Pinales","Pinaceae","Pinus","Pinus pinea"
"Pinus ponderosa Douglas ex C. Lawson","5285053","Pinus ponderosa","EXACT","ACCEPTED","SPECIES","Plantae","Tracheophyta","Pinopsida","Pinales","Pinaceae","Pinus","Pinus ponderosa"
"Pinus radiata D. Don","5285727","Pinus radiata","EXACT","ACCEPTED","SPECIES","Plantae","Tracheophyta","Pinopsida","Pinales","Pinaceae","Pinus","Pinus radiata"
"Pinus strobus L.","5284982","Pinus strobus","EXACT","ACCEPTED","SPECIES","Plantae","Tracheophyta","Pinopsida","Pinales","Pinaceae","Pinus","Pinus strobus"
"Pinus sylvestris L.","5285637","Pinus sylvestris","EXACT","ACCEPTED","SPECIES","Plantae","Tracheophyta","Pinopsida","Pinales","Pinaceae","Pinus","Pinus sylvestris"
"Pinus wallichiana A.B. Jacks.","5285074","Pinus wallichiana","EXACT","ACCEPTED","SPECIES","Plantae","Tracheophyta","Pinopsida","Pinales","Pinaceae","Pinus","Pinus wallichiana"
"Pistacia atlantica Desf.","3190581","Pistacia atlantica","EXACT","ACCEPTED","SPECIES","Plantae","Tracheophyta","Magnoliopsida","Sapindales","Anacardiaceae","Pistacia","Pistacia atlantica"
"Pistacia lentiscus L.","3190583","Pistacia lentiscus","EXACT","ACCEPTED","SPECIES","Plantae","Tracheophyta","Magnoliopsida","Sapindales","Anacardiaceae","Pistacia","Pistacia lentiscus"
"Pistacia terebinthus L.","3190580","Pistacia terebinthus","EXACT","ACCEPTED","SPECIES","Plantae","Tracheophyta","Magnoliopsida","Sapindales","Anacardiaceae","Pistacia","Pistacia terebinthus"
"Platanus acerifolia (Ait.) Willd.","3152815","Platanus acerifolia","EXACT","SYNONYM","SPECIES","Plantae","Tracheophyta","Magnoliopsida","Proteales","Platanaceae","Platanus","Platanus hybrida"
"Platanus orientalis L.","3152816","Platanus orientalis","EXACT","ACCEPTED","SPECIES","Plantae","Tracheophyta","Magnoliopsida","Proteales","Platanaceae","Platanus","Platanus orientalis"
"Populus alba L.","3040233","Populus alba","EXACT","ACCEPTED","SPECIES","Plantae","Tracheophyta","Magnoliopsida","Malpighiales","Salicaceae","Populus","Populus alba"
"Populus balsamifera Linnaeus","3040184","Populus balsamifera","EXACT","ACCEPTED","SPECIES","Plantae","Tracheophyta","Magnoliopsida","Malpighiales","Salicaceae","Populus","Populus balsamifera"
"Populus canescens (Aiton) Sm.","3040185","Populus canescens","EXACT","ACCEPTED","SPECIES","Plantae","Tracheophyta","Magnoliopsida","Malpighiales","Salicaceae","Populus","Populus canescens"
"Populus nigra L.","3040227","Populus nigra","EXACT","ACCEPTED","SPECIES","Plantae","Tracheophyta","Magnoliopsida","Malpighiales","Salicaceae","Populus","Populus nigra"
"Populus tremula L.","3040249","Populus tremula","EXACT","ACCEPTED","SPECIES","Plantae","Tracheophyta","Magnoliopsida","Malpighiales","Salicaceae","Populus","Populus tremula"
"Prunus armeniaca L.","7818643","Prunus armeniaca","EXACT","ACCEPTED","SPECIES","Plantae","Tracheophyta","Magnoliopsida","Rosales","Rosaceae","Prunus","Prunus armeniaca"
"Prunus avium (L.) L.","3020791","Prunus avium","EXACT","ACCEPTED","SPECIES","Plantae","Tracheophyta","Magnoliopsida","Rosales","Rosaceae","Prunus","Prunus avium"
"Prunus brigantina Vill.","3021637","Prunus brigantina","EXACT","ACCEPTED","SPECIES","Plantae","Tracheophyta","Magnoliopsida","Rosales","Rosaceae","Prunus","Prunus brigantina"
"Prunus cerasifera Ehrh.","3021730","Prunus cerasifera","EXACT","ACCEPTED","SPECIES","Plantae","Tracheophyta","Magnoliopsida","Rosales","Rosaceae","Prunus","Prunus cerasifera"
"Prunus cerasus L.","3021922","Prunus cerasus","EXACT","SYNONYM","SPECIES","Plantae","Tracheophyta","Magnoliopsida","Rosales","Rosaceae","Prunus","Prunus avium"
"Prunus domestica L.","7931731","Prunus domestica","EXACT","ACCEPTED","SPECIES","Plantae","Tracheophyta","Magnoliopsida","Rosales","Rosaceae","Prunus","Prunus domestica"
"Prunus dulcis (Mill.) D. A. Webb","3022502","Prunus dulcis","EXACT","ACCEPTED","SPECIES","Plantae","Tracheophyta","Magnoliopsida","Rosales","Rosaceae","Prunus","Prunus dulcis"
"Prunus lusitanica L.","3020871","Prunus lusitanica","EXACT","ACCEPTED","SPECIES","Plantae","Tracheophyta","Magnoliopsida","Rosales","Rosaceae","Prunus","Prunus lusitanica"
"Prunus mahaleb L.","3022789","Prunus mahaleb","EXACT","ACCEPTED","SPECIES","Plantae","Tracheophyta","Magnoliopsida","Rosales","Rosaceae","Prunus","Prunus mahaleb"
"Prunus padus L.","3021037","Prunus padus","EXACT","ACCEPTED","SPECIES","Plantae","Tracheophyta","Magnoliopsida","Rosales","Rosaceae","Prunus","Prunus padus"
"Prunus persica (L.) Stokes","8149923","Prunus persica","EXACT","ACCEPTED","SPECIES","Plantae","Tracheophyta","Magnoliopsida","Rosales","Rosaceae","Prunus","Prunus persica"
"Prunus serotina Ehrh.","3021850","Prunus serotina","EXACT","ACCEPTED","SPECIES","Plantae","Tracheophyta","Magnoliopsida","Rosales","Rosaceae","Prunus","Prunus serotina"
"Prunus spinosa L.","3023221","Prunus spinosa","EXACT","ACCEPTED","SPECIES","Plantae","Tracheophyta","Magnoliopsida","Rosales","Rosaceae","Prunus","Prunus spinosa"
"Prunus virginiana L.","3022668","Prunus virginiana","EXACT","SYNONYM","SPECIES","Plantae","Tracheophyta","Magnoliopsida","Rosales","Rosaceae","Prunus","Prunus serotina"
"Pseudotsuga menziesii (Mirb.) Franco","2685796","Pseudotsuga menziesii","EXACT","ACCEPTED","SPECIES","Plantae","Tracheophyta","Pinopsida","Pinales","Pinaceae","Pseudotsuga","Pseudotsuga menziesii"
"Pyrus amygdaliformis Vill.","5362729","Pyrus amygdaliformis","EXACT","SYNONYM","SPECIES","Plantae","Tracheophyta","Magnoliopsida","Rosales","Rosaceae","Pyrus","Pyrus spinosa"
"Pyrus communis L.","5362573","Pyrus communis","EXACT","ACCEPTED","SPECIES","Plantae","Tracheophyta","Magnoliopsida","Rosales","Rosaceae","Pyrus","Pyrus communis"
"Pyrus pyraster (L.) Burgsd.","5362445","Pyrus pyraster","EXACT","SYNONYM","SPECIES","Plantae","Tracheophyta","Magnoliopsida","Rosales","Rosaceae","Pyrus","Pyrus communis"
"Quercus alnifolia Poech","2880756","Quercus alnifolia","EXACT","ACCEPTED","SPECIES","Plantae","Tracheophyta","Magnoliopsida","Fagales","Fagaceae","Quercus","Quercus alnifolia"
"Quercus canariensis Willd.","2880808","Quercus canariensis","EXACT","ACCEPTED","SPECIES","Plantae","Tracheophyta","Magnoliopsida","Fagales","Fagaceae","Quercus","Quercus canariensis"
"Quercus cerris L.","2880580","Quercus cerris","EXACT","ACCEPTED","SPECIES","Plantae","Tracheophyta","Magnoliopsida","Fagales","Fagaceae","Quercus","Quercus cerris"
"Quercus coccifera L.","2879175","Quercus coccifera","EXACT","ACCEPTED","SPECIES","Plantae","Tracheophyta","Magnoliopsida","Fagales","Fagaceae","Quercus","Quercus coccifera"
"Quercus congesta C.Presl","2879600","Quercus congesta","EXACT","ACCEPTED","SPECIES","Plantae","Tracheophyta","Magnoliopsida","Fagales","Fagaceae","Quercus","Quercus congesta"
"Quercus dalechampii Ten.","2880461","Quercus dalechampii","EXACT","ACCEPTED","SPECIES","Plantae","Tracheophyta","Magnoliopsida","Fagales","Fagaceae","Quercus","Quercus dalechampii"
"Quercus faginea Lam.","2881480","Quercus faginea","EXACT","ACCEPTED","SPECIES","Plantae","Tracheophyta","Magnoliopsida","Fagales","Fagaceae","Quercus","Quercus faginea"
"Quercus frainetto Ten.","2879504","Quercus frainetto","EXACT","ACCEPTED","SPECIES","Plantae","Tracheophyta","Magnoliopsida","Fagales","Fagaceae","Quercus","Quercus frainetto"
"Quercus ilex L.","2879098","Quercus ilex","EXACT","ACCEPTED","SPECIES","Plantae","Tracheophyta","Magnoliopsida","Fagales","Fagaceae","Quercus","Quercus ilex"
"Quercus ithaburensis Decne.","2878323","Quercus ithaburensis","EXACT","ACCEPTED","SPECIES","Plantae","Tracheophyta","Magnoliopsida","Fagales","Fagaceae","Quercus","Quercus ithaburensis"
"Quercus palustris Münchh.","8313153","Quercus palustris","EXACT","ACCEPTED","SPECIES","Plantae","Tracheophyta","Magnoliopsida","Fagales","Fagaceae","Quercus","Quercus palustris"
"Quercus petraea (Matt.) Liebl.","2880130","Quercus petraea","EXACT","ACCEPTED","SPECIES","Plantae","Tracheophyta","Magnoliopsida","Fagales","Fagaceae","Quercus","Quercus petraea"
"Quercus pubescens Willd.","2881283","Quercus pubescens","EXACT","ACCEPTED","SPECIES","Plantae","Tracheophyta","Magnoliopsida","Fagales","Fagaceae","Quercus","Quercus pubescens"
"Quercus pyrenaica Willd.","2878826","Quercus pyrenaica","EXACT","ACCEPTED","SPECIES","Plantae","Tracheophyta","Magnoliopsida","Fagales","Fagaceae","Quercus","Quercus pyrenaica"
"Quercus robur L.","2878688","Quercus robur","EXACT","ACCEPTED","SPECIES","Plantae","Tracheophyta","Magnoliopsida","Fagales","Fagaceae","Quercus","Quercus robur"
"Quercus rubra L.","2880539","Quercus rubra","EXACT","ACCEPTED","SPECIES","Plantae","Tracheophyta","Magnoliopsida","Fagales","Fagaceae","Quercus","Quercus rubra"
"Quercus suber L.","2879411","Quercus suber","EXACT","ACCEPTED","SPECIES","Plantae","Tracheophyta","Magnoliopsida","Fagales","Fagaceae","Quercus","Quercus suber"
"Quercus trojana Webb","2879774","Quercus trojana","EXACT","ACCEPTED","SPECIES","Plantae","Tracheophyta","Magnoliopsida","Fagales","Fagaceae","Quercus","Quercus trojana"
"Rhamnus alaternus L.","6371424","Rhamnus alaternus","EXACT","ACCEPTED","SPECIES","Plantae","Tracheophyta","Magnoliopsida","Rosales","Rhamnaceae","Rhamnus","Rhamnus alaternus"
"Rhamnus alpina L.","7273705","Rhamnus alpina","EXACT","ACCEPTED","SPECIES","Plantae","Tracheophyta","Magnoliopsida","Rosales","Rhamnaceae","Rhamnus","Rhamnus alpina"
"Rhamnus cathartica L.","3039491","Rhamnus cathartica","EXACT","ACCEPTED","SPECIES","Plantae","Tracheophyta","Magnoliopsida","Rosales","Rhamnaceae","Rhamnus","Rhamnus cathartica"
"Rhamnus lycioides L.","6371380","Rhamnus lycioides","EXACT","ACCEPTED","SPECIES","Plantae","Tracheophyta","Magnoliopsida","Rosales","Rhamnaceae","Rhamnus","Rhamnus lycioides"
"Rhamnus saxatilis Jacq.","6371028","Rhamnus saxatilis","EXACT","ACCEPTED","SPECIES","Plantae","Tracheophyta","Magnoliopsida","Rosales","Rhamnaceae","Rhamnus","Rhamnus saxatilis"
"Rhus coriaria L.","3190563","Rhus coriaria","EXACT","ACCEPTED","SPECIES","Plantae","Tracheophyta","Magnoliopsida","Sapindales","Anacardiaceae","Rhus","Rhus coriaria"
"Rhus typhina L.","3190538","Rhus typhina","EXACT","ACCEPTED","SPECIES","Plantae","Tracheophyta","Magnoliopsida","Sapindales","Anacardiaceae","Rhus","Rhus typhina"
"Robinia pseudoacacia L.","5352251","Robinia pseudoacacia","EXACT","ACCEPTED","SPECIES","Plantae","Tracheophyta","Magnoliopsida","Fabales","Fabaceae","Robinia","Robinia pseudoacacia"
"Salix alba L.","5372513","Salix alba","EXACT","ACCEPTED","SPECIES","Plantae","Tracheophyta","Magnoliopsida","Malpighiales","Salicaceae","Salix","Salix alba"
"Salix appendiculata Vill.","5583213","Salix appendiculata","EXACT","ACCEPTED","SPECIES","Plantae","Tracheophyta","Magnoliopsida","Malpighiales","Salicaceae","Salix","Salix appendiculata"
"Salix atrocinerea Brot.","5582546","Salix atrocinerea","EXACT","SYNONYM","SPECIES","Plantae","Tracheophyta","Magnoliopsida","Malpighiales","Salicaceae","Salix","Salix cinerea"
"Salix aurita L.","5372876","Salix aurita","EXACT","ACCEPTED","SPECIES","Plantae","Tracheophyta","Magnoliopsida","Malpighiales","Salicaceae","Salix","Salix aurita"
"Salix babylonica L.","5372639","Salix babylonica","EXACT","ACCEPTED","SPECIES","Plantae","Tracheophyta","Magnoliopsida","Malpighiales","Salicaceae","Salix","Salix babylonica"
"Salix bicolor Willd.","5372945","Salix bicolor","EXACT","ACCEPTED","SPECIES","Plantae","Tracheophyta","Magnoliopsida","Malpighiales","Salicaceae","Salix","Salix bicolor"
"Salix caprea L.","5372952","Salix caprea","EXACT","ACCEPTED","SPECIES","Plantae","Tracheophyta","Magnoliopsida","Malpighiales","Salicaceae","Salix","Salix caprea"
"Salix cinerea L.","5372605","Salix cinerea","EXACT","ACCEPTED","SPECIES","Plantae","Tracheophyta","Magnoliopsida","Malpighiales","Salicaceae","Salix","Salix cinerea"
"Salix daphnoides Vill.","5372913","Salix daphnoides","EXACT","ACCEPTED","SPECIES","Plantae","Tracheophyta","Magnoliopsida","Malpighiales","Salicaceae","Salix","Salix daphnoides"
"Salix eleagnos Scop.","5372655","Salix eleagnos","EXACT","ACCEPTED","SPECIES","Plantae","Tracheophyta","Magnoliopsida","Malpighiales","Salicaceae","Salix","Salix eleagnos"
"Salix foetida Schleicher","7375754","Salix foetida","EXACT","ACCEPTED","SPECIES","Plantae","Tracheophyta","Magnoliopsida","Malpighiales","Salicaceae","Salix","Salix foetida"
"Salix fragilis L.","5372829","Salix fragilis","EXACT","ACCEPTED","SPECIES","Plantae","Tracheophyta","Magnoliopsida","Malpighiales","Salicaceae","Salix","Salix fragilis"
"Salix glabra Scop.","5583850","Salix glabra","EXACT","ACCEPTED","SPECIES","Plantae","Tracheophyta","Magnoliopsida","Malpighiales","Salicaceae","Salix","Salix glabra"
"Salix glauca L.","5372963","Salix glauca","EXACT","ACCEPTED","SPECIES","Plantae","Tracheophyta","Magnoliopsida","Malpighiales","Salicaceae","Salix","Salix glauca"
"Salix hastata L.","5372554","Salix hastata","EXACT","ACCEPTED","SPECIES","Plantae","Tracheophyta","Magnoliopsida","Malpighiales","Salicaceae","Salix","Salix hastata"
"Salix lanata L.","5372706","Salix lanata","EXACT","ACCEPTED","SPECIES","Plantae","Tracheophyta","Magnoliopsida","Malpighiales","Salicaceae","Salix","Salix lanata"
"Salix lapponum L.","7104074","Salix lapponum","EXACT","ACCEPTED","SPECIES","Plantae","Tracheophyta","Magnoliopsida","Malpighiales","Salicaceae","Salix","Salix lapponum"
"Salix myrsinifolia Salisb.","5372875","Salix myrsinifolia","EXACT","ACCEPTED","SPECIES","Plantae","Tracheophyta","Magnoliopsida","Malpighiales","Salicaceae","Salix","Salix myrsinifolia"
"Salix myrtilloides L.","7482782","Salix myrtilloides","EXACT","ACCEPTED","SPECIES","Plantae","Tracheophyta","Magnoliopsida","Malpighiales","Salicaceae","Salix","Salix myrtilloides"
"Salix pentandra L.","5372647","Salix pentandra","EXACT","ACCEPTED","SPECIES","Plantae","Tracheophyta","Magnoliopsida","Malpighiales","Salicaceae","Salix","Salix pentandra"
"Salix phylicifolia L.","7918641","Salix phylicifolia","EXACT","ACCEPTED","SPECIES","Plantae","Tracheophyta","Magnoliopsida","Malpighiales","Salicaceae","Salix","Salix phylicifolia"
"Salix purpurea L.","5372800","Salix purpurea","EXACT","ACCEPTED","SPECIES","Plantae","Tracheophyta","Magnoliopsida","Malpighiales","Salicaceae","Salix","Salix purpurea"
"Salix repens L.","7104185","Salix repens","EXACT","ACCEPTED","SPECIES","Plantae","Tracheophyta","Magnoliopsida","Malpighiales","Salicaceae","Salix","Salix repens"
"Salix rosmarinifolia L.","7104059","Salix rosmarinifolia","EXACT","ACCEPTED","SPECIES","Plantae","Tracheophyta","Magnoliopsida","Malpighiales","Salicaceae","Salix","Salix rosmarinifolia"
"Salix L.","3039576","Salix salviifolia","HIGHERRANK","ACCEPTED","GENUS","Plantae","Tracheophyta","Magnoliopsida","Malpighiales","Salicaceae","Salix",
"Salix silesiaca Willd.","7448302","Salix silesiaca","EXACT","ACCEPTED","SPECIES","Plantae","Tracheophyta","Magnoliopsida","Malpighiales","Salicaceae","Salix","Salix silesiaca"
"Salix starkeana Willd.","7266759","Salix starkeana","EXACT","ACCEPTED","SPECIES","Plantae","Tracheophyta","Magnoliopsida","Malpighiales","Salicaceae","Salix","Salix starkeana"
"Salix viminalis L.","5372933","Salix viminalis","EXACT","ACCEPTED","SPECIES","Plantae","Tracheophyta","Magnoliopsida","Malpighiales","Salicaceae","Salix","Salix viminalis"
"Sambucus nigra L.","2888728","Sambucus nigra","EXACT","ACCEPTED","SPECIES","Plantae","Tracheophyta","Magnoliopsida","Dipsacales","Adoxaceae","Sambucus","Sambucus nigra"
"Sambucus racemosa L.","2888723","Sambucus racemosa","EXACT","ACCEPTED","SPECIES","Plantae","Tracheophyta","Magnoliopsida","Dipsacales","Adoxaceae","Sambucus","Sambucus racemosa"
"Sorbus aria (L.) Crantz","3012680","Sorbus aria","EXACT","ACCEPTED","SPECIES","Plantae","Tracheophyta","Magnoliopsida","Rosales","Rosaceae","Sorbus","Sorbus aria"
"Sorbus aucuparia L.","3012167","Sorbus aucuparia","EXACT","ACCEPTED","SPECIES","Plantae","Tracheophyta","Magnoliopsida","Rosales","Rosaceae","Sorbus","Sorbus aucuparia"
"Sorbus chamaemespilus (L.) Cr.","3012470","Sorbus chamaemespilus","EXACT","ACCEPTED","SPECIES","Plantae","Tracheophyta","Magnoliopsida","Rosales","Rosaceae","Sorbus","Sorbus chamaemespilus"
"Sorbus domestica L.","3013206","Sorbus domestica","EXACT","ACCEPTED","SPECIES","Plantae","Tracheophyta","Magnoliopsida","Rosales","Rosaceae","Sorbus","Sorbus domestica"
"Sorbus graeca (Spach) Schauer","8071631","Sorbus graeca","EXACT","ACCEPTED","SPECIES","Plantae","Tracheophyta","Magnoliopsida","Rosales","Rosaceae","Sorbus","Sorbus graeca"
"Sorbus intermedia (Ehrh.) Pers.","3012254","Sorbus intermedia","EXACT","ACCEPTED","SPECIES","Plantae","Tracheophyta","Magnoliopsida","Rosales","Rosaceae","Sorbus","Sorbus intermedia"
"Sorbus latifolia (Lam.) Pers.","8576221","Sorbus latifolia","EXACT","ACCEPTED","SPECIES","Plantae","Tracheophyta","Magnoliopsida","Rosales","Rosaceae","Sorbus","Sorbus latifolia"
"Sorbus mougeotii Godr. & Soyer-Willem.","3012326","Sorbus mougeotii","EXACT","ACCEPTED","SPECIES","Plantae","Tracheophyta","Magnoliopsida","Rosales","Rosaceae","Sorbus","Sorbus mougeotii"
"Sorbus torminalis (L.) Crantz","3012567","Sorbus torminalis","EXACT","ACCEPTED","SPECIES","Plantae","Tracheophyta","Magnoliopsida","Rosales","Rosaceae","Sorbus","Sorbus torminalis"
"Styphnolobium japonicum (L.) Schott","2963569","Styphnolobium japonicum","EXACT","ACCEPTED","SPECIES","Plantae","Tracheophyta","Magnoliopsida","Fabales","Fabaceae","Styphnolobium","Styphnolobium japonicum"
"Tamarix africana Poir.","2874702","Tamarix africana","EXACT","ACCEPTED","SPECIES","Plantae","Tracheophyta","Magnoliopsida","Caryophyllales","Tamaricaceae","Tamarix","Tamarix africana"
"Tamarix canariensis Willd.","2874701","Tamarix canariensis","EXACT","ACCEPTED","SPECIES","Plantae","Tracheophyta","Magnoliopsida","Caryophyllales","Tamaricaceae","Tamarix","Tamarix canariensis"
"Taxus baccata L.","5284517","Taxus baccata","EXACT","ACCEPTED","SPECIES","Plantae","Tracheophyta","Pinopsida","Pinales","Taxaceae","Taxus","Taxus baccata"
"Tetraclinis articulata (Vahl) Mast.","2684184","Tetraclinis articulata","EXACT","ACCEPTED","SPECIES","Plantae","Tracheophyta","Pinopsida","Pinales","Cupressaceae","Tetraclinis","Tetraclinis articulata"
"Thuja plicata Donn ex D. Don","2684171","Thuja plicata","EXACT","ACCEPTED","SPECIES","Plantae","Tracheophyta","Pinopsida","Pinales","Cupressaceae","Thuja","Thuja plicata"
"Tilia cordata Mill.","3152047","Tilia cordata","EXACT","ACCEPTED","SPECIES","Plantae","Tracheophyta","Magnoliopsida","Malvales","Malvaceae","Tilia","Tilia cordata"
"Tilia platyphyllos Scop.","3152048","Tilia platyphyllos","EXACT","ACCEPTED","SPECIES","Plantae","Tracheophyta","Magnoliopsida","Malvales","Malvaceae","Tilia","Tilia platyphyllos"
"Tilia tomentosa Moench","4259350","Tilia tomentosa","EXACT","ACCEPTED","SPECIES","Plantae","Tracheophyta","Magnoliopsida","Malvales","Malvaceae","Tilia","Tilia tomentosa"
"Tsuga heterophylla (Raf.) Sarg.","2687210","Tsuga heterophylla","EXACT","ACCEPTED","SPECIES","Plantae","Tracheophyta","Pinopsida","Pinales","Pinaceae","Tsuga","Tsuga heterophylla"
"Ulmus canescens Melville","7303611","Ulmus canescens","EXACT","SYNONYM","SPECIES","Plantae","Tracheophyta","Magnoliopsida","Rosales","Ulmaceae","Ulmus","Ulmus minor"
"Ulmus glabra Huds.","5361866","Ulmus glabra","EXACT","ACCEPTED","SPECIES","Plantae","Tracheophyta","Magnoliopsida","Rosales","Ulmaceae","Ulmus","Ulmus glabra"
"Ulmus laevis Pall.","7303616","Ulmus laevis","EXACT","ACCEPTED","SPECIES","Plantae","Tracheophyta","Magnoliopsida","Rosales","Ulmaceae","Ulmus","Ulmus laevis"
"Ulmus minor Mill.","5361865","Ulmus minor","EXACT","ACCEPTED","SPECIES","Plantae","Tracheophyta","Magnoliopsida","Rosales","Ulmaceae","Ulmus","Ulmus minor"
"Vachellia farnesiana (L.) Wight & Arn.","2979265","Vachellia farnesiana","EXACT","ACCEPTED","SPECIES","Plantae","Tracheophyta","Magnoliopsida","Fabales","Fabaceae","Vachellia","Vachellia farnesiana"
"Viburnum opulus L.","2888605","Viburnum opulus","EXACT","ACCEPTED","SPECIES","Plantae","Tracheophyta","Magnoliopsida","Dipsacales","Adoxaceae","Viburnum","Viburnum opulus"
